{"train_loss": 0.028712214121279098, "valid_loss": 0.5152127976928439, "_runtime": 71657, "_timestamp": 1620878092, "_step": 19}